,0,1,2,3,4,5,6,7,8,9,10,11,12,13,14,15,16,17,18,19,20,21,22,23,24,25,26,27,28,29,30,31,32,33,34,35,36,37,38,39,40,41,42,43,44,45,46,47,48,49,50,51,52,53,54,55,56,57,58,59,60,61,62,63,64,65,66,67,68,69,70,71,72,73,74,75,76,77,78,79,80,81,82,83,84,85,86,87,88,89,90
Persons_arrested_by_sex_and_age_group_SLL_2012.csv,female_between_18-30_years,male_between_30-45_years,male_total,female_below_18_years,female_total,male_above_60_years,grand_total,female_above_60_years,male_below_18_years,crime_head,state/ut,male_between_18-30_years,male_between_45-60_years,female_between_45-60_years,female_between_30-45_years,,,,,,,,,,,,,,,,,,,,,,,,,,,,,,,,,,,,,,,,,,,,,,,,,,,,,,,,,,,,,,,,,,,,,,,,,,,,
Crime_by_place_of_occurrence_2014.csv,highways_burglary_cases_reported,total_robbery_cases_reported,highways_theft_value_of_property_stolen,residence_burglary_cases_reported,religious_places_dacoity_value_of_property_stolen,total_theft_value_of_property_stolen,total_dacoity_value_of_property_stolen,year,atm_burglary_value_of_property_stolen,commest_theft_value_of_property_stolen,otherplaces_burglary_cases_reported,riverorsea_dacoity_value_of_property_stolen,highways_burglary_value_of_property_stolen,riverorsea_dacoity_cases_reported,bank_burglary_value_of_property_stolen,residence_theft_cases_reported,total_theft_cases_reported,bank_theft_value_of_property_stolen,commest_robbery_cases_reported,religious_places_theft_value_of_property_stolen,religious_places_burglary_value_of_property_stolen,religious_places_dacoity_cases_reported,states/uts,otherplaces_robbery_cases_reported,highways_dacoity_value_of_property_stolen,residence_burglary_value_of_property_stolen,riverorsea_theft_cases_reported,commest_burglary_value_of_property_stolen,bank_robbery_value_of_property_stolen,otherplaces_robbery_value_of_property_stolen,religious_places_theft_cases_reported,otherplaces_dacoity_value_of_property_stolen,atm_theft_cases_reported,residence_dacoity_value_of_property_stolen,religious_places_robbery_cases_reported,commest_dacoity_cases_reported,atm_dacoity_value_of_property_stolen,atm_theft_value_of_property_stolen,bank_robbery_cases_reported,riverorsea_burglary_value_of_property_stolen,bank_dacoity_value_of_property_stolen,highways_theft_cases_reported,commest_dacoity_value_of_property_stolen,otherplaces_burglary_value_of_property_stolen,bank_theft_cases_reported,railways_robbery_value_of_property_stolen,bank_burglary_cases_reported,railways_burglary_cases_reported,religious_places_burglary_cases_reported,otherplaces_dacoity_cases_reported,otherplaces_theft_value_of_property_stolen,railways_burglary_value_of_property_stolen,railways_dacoity_value_of_property_stolen,railways_robbery_cases_reported,commest_robbery_value_of_property_stolen,total_burglary_cases_reported,highways_robbery_value_of_property_stolen,residence_theft_value_of_property_stolen,riverorsea_robbery_value_of_property_stolen,highways_dacoity_cases_reported,otherplaces_theft_cases_reported,atm_burglary_cases_reported,riverorsea_theft_value_of_property_stolen,riverorsea_burglary_cases_reported,residence_dacoity_cases_reported,atm_dacoity_cases_reported,total_dacoity_cases_reported,total_robbery_value_of_property_stolen,residence_robbery_cases_reported,atm_robbery_value_of_property_stolen,residence_robbery_value_of_property_stolen,atm_robbery_cases_reported,highways_robbery_cases_reported,railways_theft_cases_reported,railways_theft_value_of_property_stolen,commest_burglary_cases_reported,bank_dacoity_cases_reported,railways_dacoity_cases_reported,total_burglary_value_of_property_stolen,commest_theft_cases_reported,riverorsea_robbery_cases_reported,religious_places_robbery_value_of_property_stolen,,,,,,,,,
Arrests_under_crime_against_women.csv,sub_group_name,persons_in_custody_or_on_bail_during_investigation_at_year_beginning,total_persons_under_trial,persons_against_whom_cases_compounded_or_withdrawn,persons_chargesheeted,persons_released_or_freed_by_police_or_magistrate_before_trial_for_want_of_evidence_or_any_other_reason,persons_trial_completed,persons_in_custody_or_on_bail_during_trial_at_year_end,group_name,persons_arrested,persons_in_custody_or_on_bail_during_investigation_at_year_end,persons_convicted,area_name,year,persons_under_trial_at_year_beginning,persons_acquitted,,,,,,,,,,,,,,,,,,,,,,,,,,,,,,,,,,,,,,,,,,,,,,,,,,,,,,,,,,,,,,,,,,,,,,,,,,,
Juveniles_arrested_Education.csv,sub_group_name,education_above_primary_but_below_matric_or_higher_secondary,education_matric_or_higher_secondary_&_above,education_total,education_upto_primary,education_illiterate,area_name,year,,,,,,,,,,,,,,,,,,,,,,,,,,,,,,,,,,,,,,,,,,,,,,,,,,,,,,,,,,,,,,,,,,,,,,,,,,,,,,,,,,,
Persons_arrested_by_sex_and_age_group_SLL_2013.csv,female_between_18-30_years,male_between_30-45_years,male_total,female_below_18_years,female_total,male_above_60_years,grand_total,female_above_60_years,male_below_18_years,crime_head,state/ut,male_between_18-30_years,male_between_45-60_years,female_between_45-60_years,female_between_30-45_years,,,,,,,,,,,,,,,,,,,,,,,,,,,,,,,,,,,,,,,,,,,,,,,,,,,,,,,,,,,,,,,,,,,,,,,,,,,,
Offenders_known_to_the_victim.csv,no_of_cases_in_which_offenders_were_parentsclose_family_members,no_of_cases_in_which_offenders_were_other_known_persons,no_of_cases_in_which_offenders_were_relatives,no_of_cases_in_which_offenders_were_neighbours,no_of_cases_in_which_offenders_were_known_to_the_victims,area_name,year,,,,,,,,,,,,,,,,,,,,,,,,,,,,,,,,,,,,,,,,,,,,,,,,,,,,,,,,,,,,,,,,,,,,,,,,,,,,,,,,,,,,
Human_rights_violation_by_police.csv,policemen_chargesheeted,sub_group_name,group_name,policemen_convicted,area_name,year,cases_registered_under_human_rights_violations,,,,,,,,,,,,,,,,,,,,,,,,,,,,,,,,,,,,,,,,,,,,,,,,,,,,,,,,,,,,,,,,,,,,,,,,,,,,,,,,,,,,
Anti_corruption_arrests.csv,aca01_no_of_persons_in_custody_or_on_bail_during_the_stage_of_investigation_at_the_beginning_of_the_year,aca09_no_of_persons_in_custody_or_on_bail_during_the_stage_of_trial_at_the_end_of_the_year,aca163_no_of_persons_awarded_other_major_punishments_during_the_year,aca172_no_of_group_`b'_officers_out_of_above,aca08_no_of_persons_whose_cases_were_withdrawn_or_otherwise_disposed_off_during_the_year,year,aca02_no_of_persons_arrested_during_the_year,aca04_no_of_persons_in_custody_or_on_bail_during_the_stage_of_investigation_at_the_end_of_the_year,aca164_no_of_persons_awarded_minor_punishments_during_the_year,aca14_no_of_persons_involved_in_the_cases_reported_for_regular_departmental_action_during_the_year,aca12_no_of_persons_acquitted_during_the_year,aca07_total_no_of_persons_under_trial_during_the_year,aca161_no_of_persons_dismissed_from_service_during_the_year,area_name,aca16_no_of_persons_punished_departmentally_during_the_year:,aca05_no_of_persons_in_whose_cases_charge_sheets_were_laid_during_the_year,aca13_percentage_of_persons_convicted_to_total_persons_in_whose_cases_trials_were_completed_during_the_year,aca171_no_of_group_`a'_officers_out_of_above,aca19_no_of_private_persons_involved_during_the_year,aca15_no_of_persons_involved_in_the_cases_reported_for_suitable_action_during_the_year,aca162_no_of_persons_removed_from_service_during_the_year,aca10_no_of_persons_in_whose_cases_trials_were_completed_during_the_year,aca11_no_of_persons_convicted_during_the_year,aca06_no_of_persons_under_trial_at_the_beginning_of_the_year,,,,,,,,,,,,,,,,,,,,,,,,,,,,,,,,,,,,,,,,,,,,,,,,,,,,,,,,,,,,,,,,,,,
District_wise_crimes_committed_against_women_2013.csv,assault_on_women_with_intent_to_outrage_her_modesty,district,cruelty_by_husband_or_his_relatives,dowry_deaths,importation_of_girls,state/ut,insult_to_modesty_of_women,rape,kidnapping_and_abduction,year,,,,,,,,,,,,,,,,,,,,,,,,,,,,,,,,,,,,,,,,,,,,,,,,,,,,,,,,,,,,,,,,,,,,,,,,,,,,,,,,,
Persons_arrested_by_sex_and_age_group_SLL_2014.csv,45_and_above_and_below_60_years_total,total_female,total_male,30_and_above_and_below_45_years_total,60_years_and_above_male,60_years_and_above_female,18_and_above_and_below_30_years_total,18_and_above_and_below_30_years_female,states/uts,45_and_above_and_below_60_years_male,60_years_and_above_total,18_and_above_and_below_30_years_male,crime_head,45_and_above_and_below_60_years_female,30_and_above_and_below_45_years_male,30_and_above_and_below_45_years_female,year,total_persons_arrested_by_age_and_sex,,,,,,,,,,,,,,,,,,,,,,,,,,,,,,,,,,,,,,,,,,,,,,,,,,,,,,,,,,,,,,,,,,,,,,,,,
District_wise_crimes_committed_against_SC_2001_2012.csv,murder,robbery,dacoity,arson,prevention_of_atrocities_(poa)_act,district,other_crimes_against_scs,hurt,state/ut,rape,protection_of_civil_rights_(pcr)_act,kidnapping_and_abduction,year,,,,,,,,,,,,,,,,,,,,,,,,,,,,,,,,,,,,,,,,,,,,,,,,,,,,,,,,,,,,,,,,,,,,,,,,,,,,,,
Police_natural_death_and_suicide.csv,age_45_55_yrs,age_25_35_yrs,group_name,age_total,age_35_45_yrs,age_above_55_yrs,area_name,age_18_25_yrs,year,,,,,,,,,,,,,,,,,,,,,,,,,,,,,,,,,,,,,,,,,,,,,,,,,,,,,,,,,,,,,,,,,,,,,,,,,,,,,,,,,,
Home_guards_and_auxilliary_force.csv,hg_lower_subordinates_actual_strength,hg_lower_subordinates_sanctioned_strength,hg_upper_subordinates_actual_strength,hg_officers_sanctioned_strength,hg_officers_actual_strength,area_name,year,hg_upper_subordinates_sanctioned_strength,,,,,,,,,,,,,,,,,,,,,,,,,,,,,,,,,,,,,,,,,,,,,,,,,,,,,,,,,,,,,,,,,,,,,,,,,,,,,,,,,,,
Crime_by_place_of_occurrence_2001_2012.csv,other_places_-_robbery,year,highways_-_robbery,total_-_burglary,railways_-_theft,commercial_establishments_-_robbery,commercial_establishments_-_dacoity,residential_premises_-_dacoity,highways_-_dacoity,state/ut,banks_-_dacoity,railways_-_robbery,railways_-_burglary,other_places_-_dacoity,total_-_robbery,other_places_-_burglary,other_places_-_theft,railways_-_dacoity,residential_premises_-_theft,highways_-_burglary,residential_premises_-_robbery,river_and_sea_-_dacoity,commercial_establishments_-_theft,river_and_sea_-_burglary,banks_-_robbery,river_and_sea_-_robbery,total_-_dacoity,river_and_sea_-_theft,banks_-_burglary,residential_premises_-_burglary,highways_-_theft,commercial_establishments_-_burglary,total_-_theft,banks_-_theft,,,,,,,,,,,,,,,,,,,,,,,,,,,,,,,,,,,,,,,,,,,,,,,,,,,,,,,,,
Crime_by_place_of_occurrence_2013.csv,other_places_-_robbery,year,highways_-_robbery,total_-_burglary,railways_-_theft,commercial_establishments_-_robbery,commercial_establishments_-_dacoity,residential_premises_-_dacoity,highways_-_dacoity,state/ut,banks_-_dacoity,railways_-_robbery,railways_-_burglary,other_places_-_dacoity,total_-_robbery,other_places_-_burglary,other_places_-_theft,railways_-_dacoity,residential_premises_-_theft,highways_-_burglary,residential_premises_-_robbery,river_and_sea_-_dacoity,commercial_establishments_-_theft,river_and_sea_-_burglary,banks_-_robbery,river_and_sea_-_robbery,total_-_dacoity,river_and_sea_-_theft,banks_-_burglary,residential_premises_-_burglary,highways_-_theft,commercial_establishments_-_burglary,total_-_theft,banks_-_theft,,,,,,,,,,,,,,,,,,,,,,,,,,,,,,,,,,,,,,,,,,,,,,,,,,,,,,,,,
District_wise_crimes_committed_against_women_2014.csv,others,itp_under_other_sections,insult_to_the_modesty_of_women_total,cruelty_by_husband_or_his_relatives,attempt_to_acid_attack,dacoity_with_murder,dowry_deaths,humantrafficking,hurt,unnatural_offences,kidnapping_&_abduction_of_women_to_compel_her_for_marriage,custodial_other_rape,causing_miscarriage_without_consent_of_women,year,"indecent_representation_of_women_(p)_act,_1986",kidnapping_&_abduction_total,acid_attack,"protection_of_women_from_domestic_violence_act,_2005",total_crimes_against_women,kidnapping_for_ransom,itp_under_section_6,arson,custodial_rape,district,dacoity_total,rape_gang_rape,rape,in_other_places,assault_on_women_with_intent_to_disrobe,sexual_harassment,itp_under_section_7,custodial_gang_rape,murder,rape_other_than_custodial,itp_under_section_5,"dowry_prohibition_act,_1961",attempt_to_commit_culpable_homicide,stalking,immoral_traffic_prevention_act,attempt_to_commit_rape,assault_on_women_with_intent_to_outrage_her_modesty_total,kidnaping_&_abduction_others,deaths_caused_with_intent_to_cause_miscarriage,itp_under_section_8,other_dacoity,kidnaping_&_abduction,other_sll_crimes_against_women,other_ipc_crimes,robbery,abetment_of_suicides_of_women,grievous_hurt,in_public_transport_system,rape_others,states/uts,voyeurism,culpable_homicide_not_amounting_to_murder,attempt_to_commit_murder,kidnaping_&_abduction_in_order_to_murder,"commission_of_sati_prevention_act,_1987",importation_of_girls_from_foreign_country,at_office_premises,in_places_related_to_work,,,,,,,,,,,,,,,,,,,,,,,,,,,,,
Period_of_trials_by_courts.csv,sub_group_name,pt_total,pt_6_12_months,pt_1_3_years,pt_less_than_6_months,group_name,pt_3_5_years,pt_over_10_years,area_name,year,pt_5_10_years,,,,,,,,,,,,,,,,,,,,,,,,,,,,,,,,,,,,,,,,,,,,,,,,,,,,,,,,,,,,,,,,,,,,,,,,,,,,,,,,
Police_killed_or_injured_on_duty.csv,police_injured_total_policemen,sub_group_name,police_injured_by_riotous_mobs,police_injured_in_accidents,police_injured_in_terroristsextremists_operations,police_killed_by_criminals,police_killed_total_policemen,police_killed_by_riotous_mobs,group_name,police_killed_in_terroristsextremists_operations,police_injured_by_criminals,police_killed_in_accidents,police_killed_in_dacoity_operationsother_raids,police_injured_in_dacoity_operationsother_raids,police_killed_on_border_duties,area_name,year,police_injured_on_border_duties,,,,,,,,,,,,,,,,,,,,,,,,,,,,,,,,,,,,,,,,,,,,,,,,,,,,,,,,,,,,,,,,,,,,,,,,,
Unidentified_dead_bodies_recovered_and_inquest_conducted.csv,area_name,unidentified_dead_bodies_recovered_inquest_conducted,year,,,,,,,,,,,,,,,,,,,,,,,,,,,,,,,,,,,,,,,,,,,,,,,,,,,,,,,,,,,,,,,,,,,,,,,,,,,,,,,,,,,,,,,,
Serious_fraud.csv,sub_group_name,loss_of_property_above_100_crores,group_name,loss_of_property_10_25_crores,loss_of_property_25_50_crores,area_name,loss_of_property_50_100_crores,year,loss_of_property_1_10_crores,,,,,,,,,,,,,,,,,,,,,,,,,,,,,,,,,,,,,,,,,,,,,,,,,,,,,,,,,,,,,,,,,,,,,,,,,,,,,,,,,,
Case_reported_and_value_of_property_taken_away_by_place_of_occurrence_2013.csv,"burglary(section_449-452,_454,_455,_457-460_ipc)_-_value_of_property_stolen_(in_rupees)",theft_(section_379-382_ipc)_-_number_of_cases_registered,dacoity_(section_395-398_ipc)_-_number_of_cases_registered,theft_(section_379-382_ipc)_-_value_of_property_stolen_(in_rupees),"robbery(section_392-394,_397,_398_ipc)_-_number_of_cases_registered",state/ut,"robbery(section_392-394,_397,_398_ipc)_-_value_of_property_stolen_(in_rupees)","burglary(section_449-452,_454,_455,_457-460_ipc)_-_number_of_cases_registered",dacoity_(section_395-398_ipc)_-_value_of_property_stolen_(in_rupees),place_of_occurrence,year,,,,,,,,,,,,,,,,,,,,,,,,,,,,,,,,,,,,,,,,,,,,,,,,,,,,,,,,,,,,,,,,,,,,,,,,,,,,,,,,
Juveniles_arrested_Family_background.csv,sub_group_name,family_back_ground_living_with_parents,family_back_ground_total,family_back_ground_homeless,family_back_ground_living_with_guardian,area_name,year,,,,,,,,,,,,,,,,,,,,,,,,,,,,,,,,,,,,,,,,,,,,,,,,,,,,,,,,,,,,,,,,,,,,,,,,,,,,,,,,,,,,
Complaints_against_police.csv,cpc_-_police_personnel_dismissal/removal_from_service,cpc_-_police_personnel_major_punishment_awarded,cpa_-_cases_reported_for_dept._action,cpb_-_police_personnel_trial_completed,cpc_-_police_personnel_disciplinary_action_initiated,year,cpa_-_complaints/cases_declared_false/unsubstantiated,cpc_-_police_personnel_minor_punishment_awarded,cpb_-_police_personnel_sent_up_for_trial,cpa_-_no_of_departmental_enquiries,area_name,cpa_-_cases_registered,cpb_-_police_personnel_convicted,sub_group,cpc_-_police_personnel_cases_withdrawn_or_otherwise_disposed_of,cpa_-_complaints_received/alleged,cpa-_cases_sent_for_trials/charge-sheeted,cpc_-_police_personnel_cases_trial_completed,cpb-_police_personnel_cases_withdrawn_or_otherwise_disposed_of,cpa_-_no_of_magisterial_enquiries,cpa-_no_of_judicial_enquiries,cpb_-_police_personnel_acquitted,,,,,,,,,,,,,,,,,,,,,,,,,,,,,,,,,,,,,,,,,,,,,,,,,,,,,,,,,,,,,,,,,,,,,
Person_arrested_and_their_disposal_by_police_and_court_SLL_crime_2014.csv,persons_in_custody_during_inv_stage_at_year_end_male,persons_convicted_total,persons_acquitted_female,persons_discharged_by_court_male,persons_arrested_during_the_year_total,persons_charge_sheeted_total,total_number_of_persons_under_trial_female,persons_in_custody_during_inv_stage_at_beginning_of_year_female,persons_released_or_freed_before_trial_for_want_of_evidence_fem,persons_in_custody_during_trial_stage_at_begin_of_year_female,persons_on_bail_during_inv_stage_at_beginning_of_year_male,persons_on_bail_during_inv_stage_at_beginning_of_year_total,persons_charge_sheeted_male,persons_acquitted_male,year,persons_in_custody_during_trial_stage_at_begin_of_year_total,persons_against_whom_cases_were_compounded_by_courts_male,persons_against_whom_cases_were_compounded_by_courts_total,persons_whose_cases_trials_were_completed_during_the_year_total,persons_in_custody_during_inv_stage_at_year_end_total,persons_in_custody_during_inv_stage_at_year_end_female,persons_on_bail_during_trial_stage_at_begin_of_year_total,persons_on_bail_during_trial_stage_at_begin_of_year_female,persons_discharged_by_court_total,persons_against_whom_cases_were_withdrawn_total,crime_head,persons_against_whom_cases_were_withdrawn_male,persons_in_custody_during_trial_stage_at_year_end_total,persons_acquitted_total,persons_released_or_freed_before_trial_for_want_of_evidence_male,persons_arrested_during_the_year_female,persons_arrested_during_the_year_male,persons_convicted_female,persons_in_custody_during_inv_stage_at_beginning_of_year_male,persons_released_or_freed_before_trial_for_want_of_evidence_tot,persons_against_whom_cases_were_compounded_by_courts_female,persons_in_custody_during_trial_stage_at_begin_of_year_male,total_number_of_persons_under_trial_male,persons_against_whom_cases_were_withdrawn_female,persons_whose_cases_trials_were_completed_during_the_year_male,persons_on_bail_during_inv_stage_at_year_end_male,persons_on_bail_during_inv_stage_at_year_end_female,persons_in_custody_during_trial_stage_at_year_end_male,persons_discharged_by_court_female,persons_charge_sheeted_female,persons_in_custody_during_trial_stage_at_year_end_female,total_number_of_persons_under_trial_total,persons_whose_cases_trials_were_completed_during_the_year_female,persons_on_bail_during_trial_stage_at_begin_of_year_male,persons_convicted_male,states/uts,persons_on_bail_during_trial_stage_at_year_end_male,persons_on_bail_during_inv_stage_at_beginning_of_year_female,persons_on_bail_during_inv_stage_at_year_end_total,persons_on_bail_during_trial_stage_at_year_end_total,persons_in_custody_during_inv_stage_at_beginning_of_year_total,persons_on_bail_during_trial_stage_at_year_end_female,,,,,,,,,,,,,,,,,,,,,,,,,,,,,,,,,,
District_wise_crimes_committed_IPC_2014.csv,making_or_possessing_materials_for_forged_currency/bank_notes,offences_against_state,cruelty_by_husband_or_his_relatives,forgery,riots_industrial,humantrafficking,year,riots_political,kidnapping_for_ransom,riots_sc/sts_vs_non-scs/sts,counterfeit_offences_related_to_counterfeit_coin,rape_gang_rape,riots_agrarian,sexual_harassment,murder,custodial_gang_rape,other_places_related_to_work,theft,attempt_to_commit_culpable_homicide,insult_to_the_modesty_of_women,counterfeiting,states/uts,attempt_to_commit_murder,dacoity_with_murder,importation_of_girls_from_foreign_country,at_office_premises,extortion,other_offences_against_state,unlawful_assembly,making_or_using_documents_resembling_currency,house_trespass_&_house_breaking,cheating,dowry_deaths,custodial_other_rape,other_thefts,riots,offences_promoting_enmity_between_different_groups,counterfeit_currency_&_bank_notes,kidnapping_&_abduction_total,acid_attack,"places_other_than_231,_232_&_233",arson,assault_or_use_of_criminal_force_to_women_with_intent_to_disrobe,riots_sectarian,riots_others,promoting_enmity_between_different_groups,attempt_to_commit_rape,riots_other_caste_conflict,assault_on_women_with_intent_to_outrage_her_modesty,criminal_trespass/burglary,in_public_transport_system,riots_caste_conflict,counterfeiting_government_stamp,attempt_to_acid_attack,rape,causing_death_by_negligence,stalking,other_dacoity,kidnapping_&_abduction_in_order_to_murder,other_ipc_crimes,robbery,making_preparation_and_assembly_for_committing_dacoity,rape_others,voyeurism,possession_of_forged_or_counterfeiting_currency/bank_notes,deaths_due_to_negligent_driving/act,"imputation,_assertions_prejudicial_to_national_integration",counterfeiting_currency_notes/bank_notes,other_kidnapping,auto_theft,hurt,kidnapping_&_abduction_of_women_to_compel_her_for_marriage,dacoity,district,custodial_rape,total_cognizable_ipc_crimes,using_forged_or_counterfeiting_currency/bank_notes,riots_communal,riots_students,rape_other_than_custodial,disclosure_of_identity_of_victims,deaths_due_to_other_causes,unnatural_offence,criminal_breach_of_trust,kidnapping_&_abduction,criminal_trespass_or_burglary,grievous_hurt,sedition,other_assault_on_women,culpable_homicide_not_amounting_to_murder,incidence_of_rash_driving
Person_arrested_and_their_disposal_by_police_and_court_IPC_crime_2013.csv,persons_in_custody_or_on_bail_during_the_stage_of_trial_at_the_end_of_the_year,persons_arrested_during_the_year,persons_in_whose_cases_charge_sheets_were_laid_during_the_year,persons_released_or_freed_by_police_or_magistrate_before_trial_for_want_of_evidence_or_any_other_reason,persons_in_custody_or_on_bail_during_the_stage_of_investigation_at_the_end_of_the_year,persons_in_whose_cases_trials_were_completed_during_the_year,persons_in_custody_or_on_bail_during_the_stage_of_investigation_at_the_beginning_of_the_year,persons_against_whom_cases_were_compounded_or_withdrawn,crime_head,state/ut,persons_convicted,total_number_of_persons_under_trial_during_the_year,persons_under_trial_at_the_beginning_of_the_year,persons_acquitted,,,,,,,,,,,,,,,,,,,,,,,,,,,,,,,,,,,,,,,,,,,,,,,,,,,,,,,,,,,,,,,,,,,,,,,,,,,,,
Person_arrested_and_their_disposal_by_police_and_court_IPC_crime_2012.csv,persons_in_custody_or_on_bail_during_the_stage_of_trial_at_the_end_of_the_year,persons_arrested_during_the_year,persons_in_whose_cases_charge_sheets_were_laid_during_the_year,persons_released_or_freed_by_police_or_magistrate_before_trial_for_want_of_evidence_or_any_other_reason,persons_in_custody_or_on_bail_during_the_stage_of_investigation_at_the_end_of_the_year,persons_in_whose_cases_trials_were_completed_during_the_year,persons_in_custody_or_on_bail_during_the_stage_of_investigation_at_the_beginning_of_the_year,persons_against_whom_cases_were_compounded_or_withdrawn,crime_head,state/ut,persons_convicted,total_number_of_persons_under_trial_during_the_year,persons_under_trial_at_the_beginning_of_the_year,persons_acquitted,,,,,,,,,,,,,,,,,,,,,,,,,,,,,,,,,,,,,,,,,,,,,,,,,,,,,,,,,,,,,,,,,,,,,,,,,,,,,
District_wise_crimes_committed_against_SC_2013.csv,murder,robbery,dacoity,arson,prevention_of_atrocities_(poa)_act,district,other_crimes_against_scs,hurt,state/ut,rape,protection_of_civil_rights_(pcr)_act,kidnapping_and_abduction,year,,,,,,,,,,,,,,,,,,,,,,,,,,,,,,,,,,,,,,,,,,,,,,,,,,,,,,,,,,,,,,,,,,,,,,,,,,,,,,
Property_stolen_and_recovered.csv,sub_group_name,value_of_property_recovered,group_name,cases_property_stolen,cases_property_recovered,area_name,year,value_of_property_stolen,,,,,,,,,,,,,,,,,,,,,,,,,,,,,,,,,,,,,,,,,,,,,,,,,,,,,,,,,,,,,,,,,,,,,,,,,,,,,,,,,,,
Specific_purpose_of_kidnapping_and_abduction.csv,k_a_female_above_50_years,k_a_male_upto_10_years,k_a_female_total,k_a_male_15_18_years,k_a_female_30_50_years,year,area_name,k_a_female_upto_10_years,k_a_female_18_30_years,k_a_male_above_50_years,k_a_male_total,group_name,k_a_grand_total,k_a_cases_reported,k_a_male_10_15_years,sub_group_name,k_a_female_15_18_years,k_a_female_10_15_years,k_a_male_30_50_years,k_a_male_18_30_years,,,,,,,,,,,,,,,,,,,,,,,,,,,,,,,,,,,,,,,,,,,,,,,,,,,,,,,,,,,,,,,,,,,,,,,
Person_arrested_and_their_disposal_by_police_and_court_SLL_crime_2013.csv,persons_in_custody_or_on_bail_during_the_stage_of_trial_at_the_end_of_the_year,persons_arrested_during_the_year,persons_in_whose_cases_charge_sheets_were_laid_during_the_year,persons_released_or_freed_by_police_or_magistrate_before_trial_for_want_of_evidence_or_any_other_reason,persons_in_custody_or_on_bail_during_the_stage_of_investigation_at_the_end_of_the_year,persons_in_whose_cases_trials_were_completed_during_the_year,persons_in_custody_or_on_bail_during_the_stage_of_investigation_at_the_beginning_of_the_year,persons_against_whom_cases_were_compounded_or_withdrawn,crime_head,state/ut,persons_convicted,total_number_of_persons_under_trial_during_the_year,persons_under_trial_at_the_beginning_of_the_year,persons_acquitted,,,,,,,,,,,,,,,,,,,,,,,,,,,,,,,,,,,,,,,,,,,,,,,,,,,,,,,,,,,,,,,,,,,,,,,,,,,,,
Persons_arrested_under_recidivism.csv,offenders_conviction_in_the_past_three_times_or_more,offenders_conviction_in_the_past_once,offenders_arrested_for_the_first_time,area_name,offenders_arrested,year,offenders_conviction_in_the_past_twice,,,,,,,,,,,,,,,,,,,,,,,,,,,,,,,,,,,,,,,,,,,,,,,,,,,,,,,,,,,,,,,,,,,,,,,,,,,,,,,,,,,,
Person_arrested_and_their_disposal_by_police_and_court_SLL_crime_2012.csv,persons_in_custody_or_on_bail_during_the_stage_of_trial_at_the_end_of_the_year,persons_arrested_during_the_year,persons_in_whose_cases_charge_sheets_were_laid_during_the_year,persons_released_or_freed_by_police_or_magistrate_before_trial_for_want_of_evidence_or_any_other_reason,persons_in_custody_or_on_bail_during_the_stage_of_investigation_at_the_end_of_the_year,persons_in_whose_cases_trials_were_completed_during_the_year,persons_in_custody_or_on_bail_during_the_stage_of_investigation_at_the_beginning_of_the_year,persons_against_whom_cases_were_compounded_or_withdrawn,crime_head,state/ut,persons_convicted,total_number_of_persons_under_trial_during_the_year,persons_under_trial_at_the_beginning_of_the_year,persons_acquitted,,,,,,,,,,,,,,,,,,,,,,,,,,,,,,,,,,,,,,,,,,,,,,,,,,,,,,,,,,,,,,,,,,,,,,,,,,,,,
District_wise_crimes_committed_against_SC_2014.csv,poa_dacoity,poa_robbery,ipc_sexual_harassment,ipc_other_sexual_harassment,ipc_attempt_to_commit_murder,ipc_kidnaping_&_abduction_in_order_to_murder,ipc_hurt,ipc_acid_attack,ipc_stalking,ipc_other_dacoity,poa_kidnaping_&_abduction_total,year,ipc_dacoity_with_murder,ipc_kidnaping_&_abduction,"total_of_sc/st_(prevention_of_atrocities)_act_,1989",poa_dacoity_with_murder,ipc_grievous_hurt,ipc_attempt_to_acid_attack,poa_other_dacoity,poa_attempt_to_commit_murder,poa_kidnaping_&_abduction_in_order_to_murder,other_sll_crime_against_scs,district,total_crimes_against_scs,ipc_voyeurism,"protection_of_civil_rights_act,_1955",poa_murder,poa_stalking,poa_insult_to_the_modesty_of_women,poa_rape,ipc_assault_on_women_with_intent_to_disrobe,ipc_attempt_to_commit_rape,poa_acid_attack,poa_assault_on_women_with_intent_to_outrage_her_modesty,poa_riots,poa_hurt,poa_kidnapping_for_ransom,poa_kidnapping_&_abduction_of_women_to_compel_her_for_marriage,ipc_robbery,poa_other_sexual_harassment,ipc_insult_to_the_modesty_of_women,ipc_murder,ipc_other_kidnapping,ipc_kidnapping_&_abduction,poa_assault_on_women_with_intent_to_disrobe,ipc_other_ipc_crimes,"manual_scavengers_and_construction_of_dry_latrines_(p)_act,_1993",ipc_dacoity,poa_sc_/_st_(prevention_of_atrocities)_act_only,ipc_kidnapping_&_abduction_of_women_to_compel_her_for_marriage,poa_arson,ipc_rape,ipc_assault_on_women_with_intent_to_outrage_her_modesty,ipc_riots,poa_attempt_to_acid_attack,total_ipc_crimes_against_scs,ipc_kidnapping_for_ransom,poa_kidnapping_&_abduction_grandtotal,states/uts,poa_grievous_hurt,poa_voyeurism,poa_other_kidnapping,ipc_arson,poa_sexual_harassment,poa_other_ipc_crimes,poa_attempt_to_commit_rape,,,,,,,,,,,,,,,,,,,,,,,,,
Custodial_death_others.csv,sub_group_name,cd_accidents,cd_illnessnatural_death,cd_while_escaping_from_custody,cd_by_mob_attackriots,cd_by_other_criminals,group_name,area_name,year,cd_by_suicide,,,,,,,,,,,,,,,,,,,,,,,,,,,,,,,,,,,,,,,,,,,,,,,,,,,,,,,,,,,,,,,,,,,,,,,,,,,,,,,,,
Person_arrested_and_their_disposal_by_police_and_court_IPC_crime_2014.csv,persons_in_custody_during_inv_stage_at_year_end_male,persons_convicted_total,persons_acquitted_female,persons_discharged_by_court_male,persons_arrested_during_the_year_total,persons_charge_sheeted_total,total_number_of_persons_under_trial_female,persons_in_custody_during_inv_stage_at_beginning_of_year_female,persons_released_or_freed_before_trial_for_want_of_evidence_fem,persons_in_custody_during_trial_stage_at_begin_of_year_female,persons_on_bail_during_inv_stage_at_beginning_of_year_male,persons_on_bail_during_inv_stage_at_beginning_of_year_total,persons_charge_sheeted_male,persons_acquitted_male,year,persons_in_custody_during_trial_stage_at_begin_of_year_total,persons_against_whom_cases_were_compounded_by_courts_male,persons_against_whom_cases_were_compounded_by_courts_total,persons_whose_cases_trials_were_completed_during_the_year_total,persons_in_custody_during_inv_stage_at_year_end_total,persons_in_custody_during_inv_stage_at_year_end_female,persons_on_bail_during_trial_stage_at_begin_of_year_total,persons_on_bail_during_trial_stage_at_begin_of_year_female,persons_discharged_by_court_total,persons_against_whom_cases_were_withdrawn_total,crime_head,persons_against_whom_cases_were_withdrawn_male,persons_in_custody_during_trial_stage_at_year_end_total,persons_acquitted_total,persons_released_or_freed_before_trial_for_want_of_evidence_male,persons_arrested_during_the_year_female,persons_arrested_during_the_year_male,persons_convicted_female,persons_in_custody_during_inv_stage_at_beginning_of_year_male,persons_released_or_freed_before_trial_for_want_of_evidence_tot,persons_against_whom_cases_were_compounded_by_courts_female,persons_in_custody_during_trial_stage_at_begin_of_year_male,total_number_of_persons_under_trial_male,persons_against_whom_cases_were_withdrawn_female,persons_whose_cases_trials_were_completed_during_the_year_male,persons_on_bail_during_inv_stage_at_year_end_male,persons_on_bail_during_inv_stage_at_year_end_female,persons_in_custody_during_trial_stage_at_year_end_male,persons_discharged_by_court_female,persons_charge_sheeted_female,persons_in_custody_during_trial_stage_at_year_end_female,total_number_of_persons_under_trial_total,persons_whose_cases_trials_were_completed_during_the_year_female,persons_on_bail_during_trial_stage_at_begin_of_year_male,persons_convicted_male,states/uts,persons_on_bail_during_trial_stage_at_year_end_male,persons_on_bail_during_inv_stage_at_beginning_of_year_female,persons_on_bail_during_inv_stage_at_year_end_total,persons_on_bail_during_trial_stage_at_year_end_total,persons_in_custody_during_inv_stage_at_beginning_of_year_total,persons_on_bail_during_trial_stage_at_year_end_female,,,,,,,,,,,,,,,,,,,,,,,,,,,,,,,,,,
Nature_of_complaints_received_by_police.csv,pc8_sll_cases_registered,pc4_complaints_initiated_sue_motto_by_police,pc6_total_complaints_as_recorded_in_gd,pc2_written_complaints,pc1_oral_complaints,pc3_distress_call_over_phoneno_100_etc,pc5_total_complaints_sum_of_1_4_above,area_name,pc7_ipc_cases_registered,year,,,,,,,,,,,,,,,,,,,,,,,,,,,,,,,,,,,,,,,,,,,,,,,,,,,,,,,,,,,,,,,,,,,,,,,,,,,,,,,,,
District_wise_crimes_committed_IPC_2013.csv,kidnapping_and_abduction_of_women_and_girls,cruelty_by_husband_or_his_relatives,auto_theft,other_theft,cheating,dowry_deaths,riots,dacoity,year,counterfieting,arson,kidnapping_and_abduction_of_others,district,custodial_rape,other_rape,state/ut,insult_to_modesty_of_women,rape,total_ipc_crimes,burglary,murder,theft,causing_death_by_negligence,importation_of_girls_from_foreign_countries,criminal_breach_of_trust,other_ipc_crimes,preparation_and_assembly_for_dacoity,kidnapping_&_abduction,robbery,assault_on_women_with_intent_to_outrage_her_modesty,hurt/grevious_hurt,culpable_homicide_not_amounting_to_murder,attempt_to_murder,,,,,,,,,,,,,,,,,,,,,,,,,,,,,,,,,,,,,,,,,,,,,,,,,,,,,,,,,,
Use_of_fire_arms_in_murder_cases.csv,victims_of_murder_by_licensed_arms,victims_of_murder_by_un_licensedimprovisedcrudecountry_made_arms_etc,victims_of_murder_by_fire_arms,area_name,year,,,,,,,,,,,,,,,,,,,,,,,,,,,,,,,,,,,,,,,,,,,,,,,,,,,,,,,,,,,,,,,,,,,,,,,,,,,,,,,,,,,,,,
Juveniles_arrested_Recidivism.csv,recidivism_old_delinquent,sub_group_name,recidivism_total,recidivism_new_delinquent,area_name,year,,,,,,,,,,,,,,,,,,,,,,,,,,,,,,,,,,,,,,,,,,,,,,,,,,,,,,,,,,,,,,,,,,,,,,,,,,,,,,,,,,,,,
Cases_under_crime_against_women.csv,cases_pending_investigation_from_previous_year,cases_sent_for_trial,year,total_cases_for_trial,cases_withdrawn_by_the_govt,cases_acquitted_or_discharged,cases_reported,cases_charge_sheets_were_not_laid_but_final_report_submitted,cases_pending_trial_from_the_previous_year,area_name,cases_withdrawn_by_the_govt_during_investigation,cases_investigated_chargesheets+fr_submitted,group_name,cases_chargesheeted,sub_group_name,cases_not_investigated_or_in_which_investigation_was_refused,cases_declared_false_on_account_of_mistake_of_fact_or_of_law,cases_trials_completed,cases_pending_trial_at_year_end,cases_convicted,cases_pending_investigation_at_year_end,cases_compounded_or_withdrawn,,,,,,,,,,,,,,,,,,,,,,,,,,,,,,,,,,,,,,,,,,,,,,,,,,,,,,,,,,,,,,,,,,,,,
Custodial_death_person_remanded.csv,sub_group_name,cd_no_of_magisterial_enquiry_orderedconducted,cd_no_of_autopsy_conducted,group_name,cd_no_of_policemen_charge_sheeted,cd_no_of_policemen_convicted,area_name,cd_no_of_cases_registered_in_connection_with_deaths,cd_deaths_reported,year,cd_no_of_judicial_enquiry_orderedconducted,,,,,,,,,,,,,,,,,,,,,,,,,,,,,,,,,,,,,,,,,,,,,,,,,,,,,,,,,,,,,,,,,,,,,,,,,,,,,,,,
Trial_of_violent_crimes_by_courts.csv,sub_group_name,trial_of_violent_crimes_by_courts_by_confession,trial_of_violent_crimes_by_courts_by_trial,group_name,trial_of_violent_crimes_by_courts_total,area_name,year,,,,,,,,,,,,,,,,,,,,,,,,,,,,,,,,,,,,,,,,,,,,,,,,,,,,,,,,,,,,,,,,,,,,,,,,,,,,,,,,,,,,
Police_housing.csv,sub_group_name,group_name,ph_houses_provided_by_department,ph_houses_provided_on_leaserentgpra,area_name,year,ph_sanctioned_strength,,,,,,,,,,,,,,,,,,,,,,,,,,,,,,,,,,,,,,,,,,,,,,,,,,,,,,,,,,,,,,,,,,,,,,,,,,,,,,,,,,,,
Anti_corruprion_cases.csv,ac16_value_of_property_recoveredseized_during_the_year_in_rs,ac25_no_of_cases_pending_trial_at_the_end_of_the_year,ac18_no_of_cases_pending_trial_from_the_previous_year,ac09_no_of_cases_pending_departmental_sanction_for_prosecution_during_the_year,year,ac10_no_of_cases_sent_up_for_trial_and_also_reported_for_departmental_action_during_the_year,ac07_no_of_cases_declared_false_mistake_of_fact_or_of_law_or_non_cognizable_or_civil_in_nature,area_name,ac06_no_of_cases_transferred_to_local_police_during_the_year,ac04_no_of_cases_investigated_during_the_year,ac27_total_amount_of_fine_imposed_during_the_year_in_rs,ac21_no_of_cases_withdrawn_or_other_wise_disposed_off_on_account_of_death_of_the_accused_during_the_year,ac17_percentage_of_cases_charge_sheeted_to_total_cases_investigated,ac19_no_of_cases_sent_up_for_trial_during_the_year,ac02_no_of_cases_registered_during_the_year,ac15_no_of_cases_resulted_in_recoveries_or_seizures_during_the_year,ac01_no_of_cases_pending_investigation_from_previous_year,ac08_no_of_cases_in_which_charge_sheets_were_laid_during_the_year,ac14_no_of_cases_pending_investigation_at_the_end_of_the_year,ac26_percentage_of_cases_convicted_to_cases_in_which_trials_were_completed_during_the_year,ac23_no_of_cases_convicted_during_the_year,ac03_total_no_of_cases_for_investigation_during_the_year,ac20_total_no_of_cases_for_trial_during_the_year,ac12_no_of_cases_reported_for_suitable_action_during_the_year,ac11_no_of_cases_reported_for_regular_departmental_action_during_the_year,ac22_no_of_cases_in_which_trials_were_completed_during_the_year,ac05_no_of_cases_not_investigatedor_in_which_investigation_was_dropped_due_to_any_reason_during_the_year,ac13_no_of_cases_in_which_charge_sheets_were_not_laid_but_final_report_submitted_during_the_year,ac24_no_of_cases_acquitted_or_discharged_during_the_year,,,,,,,,,,,,,,,,,,,,,,,,,,,,,,,,,,,,,,,,,,,,,,,,,,,,,,,,,,,,,,
Persons_arrested_and_their_disposal_by_police_and_court_under_crime_against_children_2014.csv,persons_in_custody_during_inv_stage_at_year_end_male,persons_convicted_total,persons_acquitted_female,persons_discharged_by_court_male,persons_arrested_during_the_year_total,persons_charge_sheeted_total,total_number_of_persons_under_trial_female,persons_in_custody_during_inv_stage_at_beginning_of_year_female,persons_released_or_freed_before_trial_for_want_of_evidence_fem,persons_in_custody_during_trial_stage_at_begin_of_year_female,persons_on_bail_during_inv_stage_at_beginning_of_year_male,persons_on_bail_during_inv_stage_at_beginning_of_year_total,persons_charge_sheeted_male,persons_acquitted_male,year,persons_in_custody_during_trial_stage_at_begin_of_year_total,persons_against_whom_cases_were_compounded_by_courts_male,persons_against_whom_cases_were_compounded_by_courts_total,persons_whose_cases_trials_were_completed_during_the_year_total,persons_in_custody_during_inv_stage_at_year_end_total,persons_in_custody_during_inv_stage_at_year_end_female,persons_on_bail_during_trial_stage_at_begin_of_year_total,persons_on_bail_during_trial_stage_at_begin_of_year_female,persons_discharged_by_court_total,persons_against_whom_cases_were_withdrawn_total,crime_head,persons_against_whom_cases_were_withdrawn_male,persons_in_custody_during_trial_stage_at_year_end_total,persons_acquitted_total,persons_released_or_freed_before_trial_for_want_of_evidence_male,persons_arrested_during_the_year_female,persons_arrested_during_the_year_male,persons_convicted_female,persons_in_custody_during_inv_stage_at_beginning_of_year_male,persons_released_or_freed_before_trial_for_want_of_evidence_tot,persons_against_whom_cases_were_compounded_by_courts_female,persons_in_custody_during_trial_stage_at_begin_of_year_male,total_number_of_persons_under_trial_male,persons_against_whom_cases_were_withdrawn_female,persons_whose_cases_trials_were_completed_during_the_year_male,persons_on_bail_during_inv_stage_at_year_end_male,persons_on_bail_during_inv_stage_at_year_end_female,persons_in_custody_during_trial_stage_at_year_end_male,persons_discharged_by_court_female,persons_charge_sheeted_female,persons_in_custody_during_trial_stage_at_year_end_female,total_number_of_persons_under_trial_total,persons_whose_cases_trials_were_completed_during_the_year_female,persons_on_bail_during_trial_stage_at_begin_of_year_male,persons_convicted_male,states/uts,persons_on_bail_during_trial_stage_at_year_end_male,persons_on_bail_during_inv_stage_at_beginning_of_year_female,persons_on_bail_during_inv_stage_at_year_end_total,persons_on_bail_during_trial_stage_at_year_end_total,persons_in_custody_during_inv_stage_at_beginning_of_year_total,persons_on_bail_during_trial_stage_at_year_end_female,,,,,,,,,,,,,,,,,,,,,,,,,,,,,,,,,,
District_wise_crimes_committed_against_children_2013.csv,buying_of_girls_for_prostitution,procuration_of_minor_girls,foeticide,abetment_of_suicide,infanticid,prohibition_of_child_marriage_act,district,other_crimes,total,exposure_and_abandonment,state/ut,other_murder,rape,selling_of_girls_for_prostitution,kidnapping_and_abduction,year,,,,,,,,,,,,,,,,,,,,,,,,,,,,,,,,,,,,,,,,,,,,,,,,,,,,,,,,,,,,,,,,,,,,,,,,,,,
District_wise_crimes_committed_against_children_2001_2012.csv,murder,buying_of_girls_for_prostitution,procuration_of_minor_girls,foeticide,abetment_of_suicide,prohibition_of_child_marriage_act,total,district,other_crimes,exposure_and_abandonment,state/ut,rape,selling_of_girls_for_prostitution,kidnapping_and_abduction,year,,,,,,,,,,,,,,,,,,,,,,,,,,,,,,,,,,,,,,,,,,,,,,,,,,,,,,,,,,,,,,,,,,,,,,,,,,,,
Juveniles_arrested_and_their_disposal.csv,juveniles_acquitted_or_otherwise_disposed_of,juveniles_released_on_probation_and_placed_under_the_care_of_fit_institutions,juveniles_arrested,juveniles_dealt_with_fine,juveniles_released_on_probation_and_placed_under_the_care_of_parent_guardian,juveniles_whose_cases_pending_disposal,juveniles_sent_home_after_advice_or_admonition,area_name,juveniles_sent_to_special_home,year,,,,,,,,,,,,,,,,,,,,,,,,,,,,,,,,,,,,,,,,,,,,,,,,,,,,,,,,,,,,,,,,,,,,,,,,,,,,,,,,,
Persons_arrested_and_their_disposal_by_police_and_court_under_crime_against_children_2013.csv,persons_in_custody_or_on_bail_during_the_stage_of_trial_at_the_end_of_the_year,persons_arrested_during_the_year,persons_in_whose_cases_charge_sheets_were_laid_during_the_year,persons_released_or_freed_by_police_or_magistrate_before_trial_for_want_of_evidence_or_any_other_reason,persons_in_custody_or_on_bail_during_the_stage_of_investigation_at_the_end_of_the_year,persons_in_whose_cases_trials_were_completed_during_the_year,persons_in_custody_or_on_bail_during_the_stage_of_investigation_at_the_beginning_of_the_year,persons_against_whom_cases_were_compounded_or_withdrawn,crime_head,state/ut,persons_convicted,total_number_of_persons_under_trial_during_the_year,persons_under_trial_at_the_beginning_of_the_year,persons_acquitted,,,,,,,,,,,,,,,,,,,,,,,,,,,,,,,,,,,,,,,,,,,,,,,,,,,,,,,,,,,,,,,,,,,,,,,,,,,,,
CH_not_murder_victim_age_sex.csv,victims_upto_30_50_yrs,sub_group_name,victims_above_50_yrs,victims_upto_10_15_yrs,victims_upto_10_yrs,victims_upto_18_30_yrs,victims_total,area_name,victims_upto_15_18_yrs,year,,,,,,,,,,,,,,,,,,,,,,,,,,,,,,,,,,,,,,,,,,,,,,,,,,,,,,,,,,,,,,,,,,,,,,,,,,,,,,,,,
Motive_or_cause_of_murder_and_culpable_homicide_not_amounting_to_murder.csv,murder_cause_dowry,murder_cause_gain,chnamurder_cause_total,murder_cause_casteism,chnamurder_cause_lunacy,chnamurder_cause_for_political_reason,chnamurder_cause_communalism,murder_cause_other_causes_or_motives,chnamurder_cause_dowry,year,chnamurder_cause_class_conflict,murder_cause_love_affairssexual_relations,murder_cause_property_dispute,murder_cause_witchcraft,chnamurder_cause_witchcraft,murder_cause_personal_vendetta_or_enmity,area_name,chnamurder_cause_casteism,murder_cause_communalism,chnamurder_cause_by_terroristextremist,chnamurder_cause_other_causes_or_motives,chnamurder_cause_property_dispute,chnamurder_cause_personal_vendetta_or_enmity,chnamurder_cause_gain,murder_cause_lunacy,murder_cause_by_terroristextremist,murder_cause_class_conflict,chnamurder_cause_love_affairssexual_relations,murder_cause_for_political_reason,murder_cause_total,,,,,,,,,,,,,,,,,,,,,,,,,,,,,,,,,,,,,,,,,,,,,,,,,,,,,,,,,,,,,
Case_reported_and_value_of_property_taken_away_by_place_of_occurrence_2001_2012.csv,"burglary(section_449-452,_454,_455,_457-460_ipc)_-_value_of_property_stolen_(in_rupees)",theft_(section_379-382_ipc)_-_number_of_cases_registered,dacoity_(section_395-398_ipc)_-_number_of_cases_registered,theft_(section_379-382_ipc)_-_value_of_property_stolen_(in_rupees),"robbery(section_392-394,_397,_398_ipc)_-_number_of_cases_registered",state/ut,"robbery(section_392-394,_397,_398_ipc)_-_value_of_property_stolen_(in_rupees)","burglary(section_449-452,_454,_455,_457-460_ipc)_-_number_of_cases_registered",dacoity_(section_395-398_ipc)_-_value_of_property_stolen_(in_rupees),place_of_occurrence,year,,,,,,,,,,,,,,,,,,,,,,,,,,,,,,,,,,,,,,,,,,,,,,,,,,,,,,,,,,,,,,,,,,,,,,,,,,,,,,,,
Escapes_from_police_custody.csv,epc_cases_cases_convicted,epc_persons_chargesheeted_for_escape,epc_persons_escaped_from_lockup,year,epc_escapees_re_arrested_from_lockup,epc_persons_cases_acquitted,epc_persons_escaped,epc_persons_escaped_total,area_name,epc_cases_cases_pending_for_trial,epc_escapees_re_arrested_from_others,epc_persons_cases_convicted,epc_persons_awarded_more_than_3_years_imprisonment,epc_persons_escaped_outside_the_lockup,epc_persons_trial_completed,epc_fr_submitted,epc_persons_cases_pending_for_trial,epc_cases_trial_completed,epc_cases_registered,epc_persons_awarded_upto_3_years_imprisonment,epc_cases_cases_acquitted,,,,,,,,,,,,,,,,,,,,,,,,,,,,,,,,,,,,,,,,,,,,,,,,,,,,,,,,,,,,,,,,,,,,,,
Custodial_death_person_not_remanded.csv,sub_group_name,cd_no_of_magisterial_enquiry_orderedconducted,cd_no_of_autopsy_conducted,group_name,cd_no_of_policemen_charge_sheeted,cd_no_of_policemen_convicted,area_name,cd_no_of_cases_registered_in_connection_with_deaths,cd_deaths_reported,year,cd_no_of_judicial_enquiry_orderedconducted,,,,,,,,,,,,,,,,,,,,,,,,,,,,,,,,,,,,,,,,,,,,,,,,,,,,,,,,,,,,,,,,,,,,,,,,,,,,,,,,
Casualties_under_police_firing_and_lathi_charge.csv,policemen_killed,policemen_injured,no_of_firings,civilians_injured,group_name,civilians_killed,area_name,year,,,,,,,,,,,,,,,,,,,,,,,,,,,,,,,,,,,,,,,,,,,,,,,,,,,,,,,,,,,,,,,,,,,,,,,,,,,,,,,,,,,
Persons_arrested_and_their_disposal_by_police_and_court_under_crime_against_children_2012.csv,persons_in_custody_or_on_bail_during_the_stage_of_trial_at_the_end_of_the_year,persons_arrested_during_the_year,persons_in_whose_cases_charge_sheets_were_laid_during_the_year,persons_released_or_freed_by_police_or_magistrate_before_trial_for_want_of_evidence_or_any_other_reason,persons_in_custody_or_on_bail_during_the_stage_of_investigation_at_the_end_of_the_year,persons_in_whose_cases_trials_were_completed_during_the_year,persons_in_custody_or_on_bail_during_the_stage_of_investigation_at_the_beginning_of_the_year,persons_against_whom_cases_were_compounded_or_withdrawn,crime_head,state/ut,persons_convicted,total_number_of_persons_under_trial_during_the_year,persons_under_trial_at_the_beginning_of_the_year,persons_acquitted,,,,,,,,,,,,,,,,,,,,,,,,,,,,,,,,,,,,,,,,,,,,,,,,,,,,,,,,,,,,,,,,,,,,,,,,,,,,,
District_wise_crimes_committed_IPC_2001_2012.csv,kidnapping_and_abduction_of_women_and_girls,cruelty_by_husband_or_his_relatives,auto_theft,other_theft,cheating,dowry_deaths,riots,dacoity,year,counterfieting,arson,kidnapping_and_abduction_of_others,district,custodial_rape,other_rape,state/ut,insult_to_modesty_of_women,rape,total_ipc_crimes,burglary,murder,theft,causing_death_by_negligence,importation_of_girls_from_foreign_countries,criminal_breach_of_trust,other_ipc_crimes,preparation_and_assembly_for_dacoity,kidnapping_&_abduction,robbery,assault_on_women_with_intent_to_outrage_her_modesty,hurt/grevious_hurt,culpable_homicide_not_amounting_to_murder,attempt_to_murder,,,,,,,,,,,,,,,,,,,,,,,,,,,,,,,,,,,,,,,,,,,,,,,,,,,,,,,,,,
cleaned_file_list.csv,Original File Name,Cleaned File Name,,,,,,,,,,,,,,,,,,,,,,,,,,,,,,,,,,,,,,,,,,,,,,,,,,,,,,,,,,,,,,,,,,,,,,,,,,,,,,,,,,,,,,,,,
Persons_arrested_by_sex_and_age_group_IPC_2014.csv,45_and_above_and_below_60_years_total,total_female,total_male,30_and_above_and_below_45_years_total,60_years_and_above_male,60_years_and_above_female,18_and_above_and_below_30_years_total,18_and_above_and_below_30_years_female,states/uts,45_and_above_and_below_60_years_male,60_years_and_above_total,18_and_above_and_below_30_years_male,crime_head,45_and_above_and_below_60_years_female,30_and_above_and_below_45_years_male,30_and_above_and_below_45_years_female,year,total_persons_arrested_by_age_and_sex,,,,,,,,,,,,,,,,,,,,,,,,,,,,,,,,,,,,,,,,,,,,,,,,,,,,,,,,,,,,,,,,,,,,,,,,,
Juvenile_apprehended_state_IPC.csv,girls_12-16_years,total_for_boys_all_age_groups,total_for_girls_all_age_groups,girls_16-18_years,boys_7-12_years,year,boys_16-18_years,grand_total,state/ut,boys_12-16_years,crime,girls_7-12_years,,,,,,,,,,,,,,,,,,,,,,,,,,,,,,,,,,,,,,,,,,,,,,,,,,,,,,,,,,,,,,,,,,,,,,,,,,,,,,,
District_wise_crimes_committed_against_ST_2013.csv,murder,robbery,kidnapping_abduction,other_crimes_against_sts,arson,prevention_of_atrocities_(poa)_act,district,hurt,state/ut,rape,protection_of_civil_rights_(pcr)_act,dacoity,year,,,,,,,,,,,,,,,,,,,,,,,,,,,,,,,,,,,,,,,,,,,,,,,,,,,,,,,,,,,,,,,,,,,,,,,,,,,,,,
Juvenile_apprehended_state_SLL.csv,girls_12-16_years,total_for_boys_all_age_groups,total_for_girls_all_age_groups,girls_16-18_years,boys_7-12_years,year,boys_16-18_years,grand_total,state/ut,boys_12-16_years,crime,girls_7-12_years,,,,,,,,,,,,,,,,,,,,,,,,,,,,,,,,,,,,,,,,,,,,,,,,,,,,,,,,,,,,,,,,,,,,,,,,,,,,,,,
Auto_theft.csv,auto_theft_coordinated/traced,auto_theft_stolen,sub_group_name,group_name,auto_theft_recovered,area_name,year,,,,,,,,,,,,,,,,,,,,,,,,,,,,,,,,,,,,,,,,,,,,,,,,,,,,,,,,,,,,,,,,,,,,,,,,,,,,,,,,,,,,
Property_stolen_and_recovered_nature_of_property.csv,sub_group_name,value_of_property_recovered,group_name,cases_property_stolen,cases_property_recovered,area_name,year,value_of_property_stolen,,,,,,,,,,,,,,,,,,,,,,,,,,,,,,,,,,,,,,,,,,,,,,,,,,,,,,,,,,,,,,,,,,,,,,,,,,,,,,,,,,,
Victims_of_rape.csv,victims_above_50_yrs,victims_of_rape_total,rape_cases_reported,victims_between_10-14_yrs,victims_between_14-18_yrs,victims_upto_10_yrs,victims_between_30-50_yrs,area_name,victims_between_18-30_yrs,subgroup,year,,,,,,,,,,,,,,,,,,,,,,,,,,,,,,,,,,,,,,,,,,,,,,,,,,,,,,,,,,,,,,,,,,,,,,,,,,,,,,,,
Persons_arrested_by_sex_and_age_group_IPC_2012.csv,female_between_18-30_years,male_between_30-45_years,male_total,female_below_18_years,female_total,male_above_60_years,grand_total,female_above_60_years,male_below_18_years,crime_head,state/ut,male_between_18-30_years,male_between_45-60_years,female_between_45-60_years,female_between_30-45_years,,,,,,,,,,,,,,,,,,,,,,,,,,,,,,,,,,,,,,,,,,,,,,,,,,,,,,,,,,,,,,,,,,,,,,,,,,,,
District_wise_crimes_committed_against_ST_2001_2012.csv,murder,robbery,kidnapping_abduction,other_crimes_against_sts,arson,prevention_of_atrocities_(poa)_act,district,hurt,state/ut,rape,protection_of_civil_rights_(pcr)_act,dacoity,year,,,,,,,,,,,,,,,,,,,,,,,,,,,,,,,,,,,,,,,,,,,,,,,,,,,,,,,,,,,,,,,,,,,,,,,,,,,,,,
District_wise_crimes_committed_against_ST_2014.csv,poa_dacoity,poa_robbery,ipc_sexual_harassment,ipc_other_sexual_harassment,ipc_attempt_to_commit_murder,ipc_kidnaping_&_abduction_in_order_to_murder,ipc_hurt,ipc_acid_attack,ipc_stalking,ipc_other_dacoity,poa_kidnaping_&_abduction_total,year,ipc_dacoity_with_murder,ipc_kidnaping_&_abduction,total_ipc_crimes_against_sts,"total_of_sc/st_(prevention_of_atrocities)_act_,1989",poa_dacoity_with_murder,ipc_grievous_hurt,ipc_attempt_to_acid_attack,poa_other_dacoity,poa_attempt_to_commit_murder,poa_kidnaping_&_abduction_in_order_to_murder,district,ipc_voyeurism,"protection_of_civil_rights_act,_1955",poa_murder,poa_stalking,poa_insult_to_the_modesty_of_women,poa_rape,ipc_assault_on_women_with_intent_to_disrobe,ipc_attempt_to_commit_rape,poa_acid_attack,poa_assault_on_women_with_intent_to_outrage_her_modesty,poa_riots,poa_hurt,poa_kidnapping_for_ransom,poa_kidnapping_&_abduction_of_women_to_compel_her_for_marriage,ipc_robbery,other_sll_crime_against_sts,poa_other_sexual_harassment,ipc_insult_to_the_modesty_of_women,ipc_murder,ipc_other_kidnapping,ipc_kidnapping_&_abduction,poa_assault_on_women_with_intent_to_disrobe,ipc_other_ipc_crimes,"manual_scavengers_and_construction_of_dry_latrines_(p)_act,_1993",total_crimes_against_sts,ipc_dacoity,poa_sc_/_st_(prevention_of_atrocities)_act_only,ipc_kidnapping_&_abduction_of_women_to_compel_her_for_marriage,poa_arson,ipc_rape,ipc_assault_on_women_with_intent_to_outrage_her_modesty,ipc_riots,poa_attempt_to_acid_attack,ipc_kidnapping_for_ransom,poa_kidnapping_&_abduction_grandtotal,states/uts,poa_grievous_hurt,poa_voyeurism,poa_other_kidnapping,ipc_arson,poa_sexual_harassment,poa_other_ipc_crimes,poa_attempt_to_commit_rape,,,,,,,,,,,,,,,,,,,,,,,,,
Age_profile_of_police_personnel_killed_on_duty.csv,age_45_55_yrs,age_25_35_yrs,age_total,age_35_45_yrs,age_above_55_yrs,area_name,age_18_25_yrs,year,,,,,,,,,,,,,,,,,,,,,,,,,,,,,,,,,,,,,,,,,,,,,,,,,,,,,,,,,,,,,,,,,,,,,,,,,,,,,,,,,,,
Persons_arrested_by_sex_and_age_group_IPC_2013.csv,female_between_18-30_years,male_between_30-45_years,male_total,female_below_18_years,female_total,male_above_60_years,grand_total,female_above_60_years,male_below_18_years,crime_head,state/ut,male_between_18-30_years,male_between_45-60_years,female_between_45-60_years,female_between_30-45_years,,,,,,,,,,,,,,,,,,,,,,,,,,,,,,,,,,,,,,,,,,,,,,,,,,,,,,,,,,,,,,,,,,,,,,,,,,,,
Custodial_death_during_production.csv,sub_group_name,cd_no_of_magisterial_enquiry_orderedconducted,cd_no_of_autopsy_conducted,group_name,cd_no_of_policemen_charge_sheeted,cd_no_of_policemen_convicted,area_name,cd_no_of_cases_registered_in_connection_with_deaths,cd_deaths_reported,year,cd_no_of_judicial_enquiry_orderedconducted,,,,,,,,,,,,,,,,,,,,,,,,,,,,,,,,,,,,,,,,,,,,,,,,,,,,,,,,,,,,,,,,,,,,,,,,,,,,,,,,
District_wise_crimes_committed_against_women_2001_2012.csv,assault_on_women_with_intent_to_outrage_her_modesty,district,cruelty_by_husband_or_his_relatives,dowry_deaths,importation_of_girls,state/ut,insult_to_modesty_of_women,rape,kidnapping_and_abduction,year,,,,,,,,,,,,,,,,,,,,,,,,,,,,,,,,,,,,,,,,,,,,,,,,,,,,,,,,,,,,,,,,,,,,,,,,,,,,,,,,,
Custodial_death_during_hospitalization_or_treatment.csv,sub_group_name,cd_hospitalisation_treatment,group_name,area_name,year,,,,,,,,,,,,,,,,,,,,,,,,,,,,,,,,,,,,,,,,,,,,,,,,,,,,,,,,,,,,,,,,,,,,,,,,,,,,,,,,,,,,,,
Police_strength_actual_and_sanctioned.csv,sub_group_name,rank_igsplig,rank_constables,rank_asi_equivalent,group_name,rank_all_ranks_total,rank_head_constables,rank_inspectors_equivalent,rank_sspspaddlspcommandant,rank_below_hc_and_above_constables,rank_dig,rank_aspdyspassttcommandant,area_name,rank_dgaddl_dg,year,rank_si_equivalent,,,,,,,,,,,,,,,,,,,,,,,,,,,,,,,,,,,,,,,,,,,,,,,,,,,,,,,,,,,,,,,,,,,,,,,,,,,
Murder_victim_age_sex.csv,victims_upto_30_50_yrs,sub_group_name,victims_above_50_yrs,victims_upto_10_15_yrs,group_name,victims_upto_10_yrs,victims_upto_18_30_yrs,victims_total,area_name,victims_upto_15_18_yrs,year,,,,,,,,,,,,,,,,,,,,,,,,,,,,,,,,,,,,,,,,,,,,,,,,,,,,,,,,,,,,,,,,,,,,,,,,,,,,,,,,
Juveniles_arrested_Economic_setup.csv,sub_group_name,economic_set_up_total,economic_set_up_upper_income_above_rs_300000,economic_set_up_middle_income_from_50001_to_100000,economic_set_up_annual_income_upto_rs_25000,economic_set_up_middle_income_from_100001_to_200000,area_name,economic_set_up_upper_middle_income_from_200001_to_300000,economic_set_up_annual_income_250001_to_50000,year,,,,,,,,,,,,,,,,,,,,,,,,,,,,,,,,,,,,,,,,,,,,,,,,,,,,,,,,,,,,,,,,,,,,,,,,,,,,,,,,,
